model,chaptername,total,correct,incorrect,judge_errors,accuracy,accuracy_percent
gemma3_4b,ম্যাট্রিক্স ও নির্ণায়ক,8,3,5,0,0.375,37.5
gemma3_4b,ভেক্টর,8,3,5,0,0.375,37.5
gemma3_4b,বৃত্ত,179,64,115,0,0.3575418994413408,35.7542
gemma3_4b,বিন্যাস ও সমাবেশ,111,23,88,0,0.2072072072072072,20.7207
gemma3_4b,সরলরেখা,288,113,175,0,0.3923611111111111,39.2361
gemma3_4b,ত্রিকোণমিতিক অনুপাত,42,15,27,0,0.35714285714285715,35.7143
gemma3_4b,সংযুক্ত কোণের ত্রিকোণমিতিক অনুপাত,251,111,140,0,0.44223107569721115,44.2231
gemma3_4b,function,118,71,47,0,0.6016949152542372,60.1695
gemma3_4b,অন্তরীকরণ,417,256,161,0,0.6139088729016786,61.3909
gemma3_4b,যোগজীকরণ,451,259,192,0,0.5742793791574279,57.4279
gemma3_4b,জটিল সংখ্যা,52,25,27,0,0.4807692307692308,48.0769
gemma3_4b,বহুপদী ও বহুপদী সমীকরণ,75,41,34,0,0.5466666666666666,54.6667
gemma3_4b,দ্বিপদী বিস্তৃতি,111,35,76,0,0.3153153153153153,31.5315
gemma3_4b,কনিক,201,25,176,0,0.12437810945273632,12.4378
gemma3_4b,ত্রিকোণমিতি,141,60,81,0,0.425531914893617,42.5532
gemma3_4b,স্থিতিবিদ্যা,117,12,105,0,0.10256410256410256,10.2564
gemma3_4b,গতিবিদ্যা,228,18,210,0,0.07894736842105263,7.8947
gemma3_4b,বিস্তার পরিমাপ ও সম্ভাবনা,111,52,59,0,0.46846846846846846,46.8468
gemma3_4b,বাস্তব সংখ্যা ও অসমতা,9,4,5,0,0.4444444444444444,44.4444
gemma3_4b,রৈখিক প্রোগ্রামিং,3,2,1,0,0.6666666666666666,66.6667
gpt_5_6,ম্যাট্রিক্স ও নির্ণায়ক,8,8,0,0,1.0,100.0
gpt_5_6,ভেক্টর,8,8,0,0,1.0,100.0
gpt_5_6,বৃত্ত,179,171,8,0,0.9553072625698324,95.5307
gpt_5_6,বিন্যাস ও সমাবেশ,111,82,29,0,0.7387387387387387,73.8739
gpt_5_6,সরলরেখা,288,266,22,0,0.9236111111111112,92.3611
gpt_5_6,ত্রিকোণমিতিক অনুপাত,42,39,3,0,0.9285714285714286,92.8571
gpt_5_6,সংযুক্ত কোণের ত্রিকোণমিতিক অনুপাত,251,207,44,0,0.8247011952191236,82.4701
gpt_5_6,function,118,113,5,0,0.9576271186440678,95.7627
gpt_5_6,অন্তরীকরণ,417,359,58,0,0.8609112709832134,86.0911
gpt_5_6,যোগজীকরণ,451,434,17,0,0.9623059866962306,96.2306
gpt_5_6,জটিল সংখ্যা,52,47,5,0,0.9038461538461539,90.3846
gpt_5_6,বহুপদী ও বহুপদী সমীকরণ,75,72,3,0,0.96,96.0
gpt_5_6,দ্বিপদী বিস্তৃতি,111,102,9,0,0.918918918918919,91.8919
gpt_5_6,কনিক,201,190,11,0,0.945273631840796,94.5274
gpt_5_6,ত্রিকোণমিতি,141,120,21,0,0.851063829787234,85.1064
gpt_5_6,স্থিতিবিদ্যা,117,92,25,0,0.7863247863247863,78.6325
gpt_5_6,গতিবিদ্যা,228,159,69,0,0.6973684210526315,69.7368
gpt_5_6,বিস্তার পরিমাপ ও সম্ভাবনা,111,94,17,0,0.8468468468468469,84.6847
gpt_5_6,বাস্তব সংখ্যা ও অসমতা,9,9,0,0,1.0,100.0
gpt_5_6,রৈখিক প্রোগ্রামিং,3,2,1,0,0.6666666666666666,66.6667
llama3_2_3b_instruct,ম্যাট্রিক্স ও নির্ণায়ক,8,0,8,0,0.0,0.0
llama3_2_3b_instruct,ভেক্টর,8,0,8,0,0.0,0.0
llama3_2_3b_instruct,বৃত্ত,179,5,174,0,0.027932960893854747,2.7933
llama3_2_3b_instruct,বিন্যাস ও সমাবেশ,111,7,104,0,0.06306306306306306,6.3063
llama3_2_3b_instruct,সরলরেখা,288,6,282,0,0.020833333333333332,2.0833
llama3_2_3b_instruct,ত্রিকোণমিতিক অনুপাত,42,3,39,0,0.07142857142857142,7.1429
llama3_2_3b_instruct,সংযুক্ত কোণের ত্রিকোণমিতিক অনুপাত,251,16,235,0,0.06374501992031872,6.3745
llama3_2_3b_instruct,function,118,34,84,0,0.288135593220339,28.8136
llama3_2_3b_instruct,অন্তরীকরণ,417,38,379,0,0.09112709832134293,9.1127
llama3_2_3b_instruct,যোগজীকরণ,451,16,435,0,0.03547671840354767,3.5477
llama3_2_3b_instruct,জটিল সংখ্যা,52,5,47,0,0.09615384615384616,9.6154
llama3_2_3b_instruct,বহুপদী ও বহুপদী সমীকরণ,75,0,75,0,0.0,0.0
llama3_2_3b_instruct,দ্বিপদী বিস্তৃতি,111,9,102,0,0.08108108108108109,8.1081
llama3_2_3b_instruct,কনিক,201,1,200,0,0.004975124378109453,0.4975
llama3_2_3b_instruct,ত্রিকোণমিতি,141,3,138,0,0.02127659574468085,2.1277
llama3_2_3b_instruct,স্থিতিবিদ্যা,117,5,112,0,0.042735042735042736,4.2735
llama3_2_3b_instruct,গতিবিদ্যা,228,4,224,0,0.017543859649122806,1.7544
llama3_2_3b_instruct,বিস্তার পরিমাপ ও সম্ভাবনা,111,16,95,0,0.14414414414414414,14.4144
llama3_2_3b_instruct,বাস্তব সংখ্যা ও অসমতা,9,1,8,0,0.1111111111111111,11.1111
llama3_2_3b_instruct,রৈখিক প্রোগ্রামিং,3,0,3,0,0.0,0.0
ministral3_3b,ম্যাট্রিক্স ও নির্ণায়ক,8,2,6,0,0.25,25.0
ministral3_3b,ভেক্টর,8,5,3,0,0.625,62.5
ministral3_3b,বৃত্ত,179,57,122,0,0.31843575418994413,31.8436
ministral3_3b,বিন্যাস ও সমাবেশ,111,22,89,0,0.1981981981981982,19.8198
ministral3_3b,সরলরেখা,288,120,168,0,0.4166666666666667,41.6667
ministral3_3b,ত্রিকোণমিতিক অনুপাত,42,22,20,0,0.5238095238095238,52.381
ministral3_3b,সংযুক্ত কোণের ত্রিকোণমিতিক অনুপাত,251,68,183,0,0.27091633466135456,27.0916
ministral3_3b,function,118,85,33,0,0.7203389830508474,72.0339
ministral3_3b,অন্তরীকরণ,417,245,172,0,0.5875299760191847,58.753
ministral3_3b,যোগজীকরণ,451,259,192,0,0.5742793791574279,57.4279
ministral3_3b,জটিল সংখ্যা,52,28,24,0,0.5384615384615384,53.8462
ministral3_3b,বহুপদী ও বহুপদী সমীকরণ,75,29,46,0,0.38666666666666666,38.6667
ministral3_3b,দ্বিপদী বিস্তৃতি,111,42,69,0,0.3783783783783784,37.8378
ministral3_3b,কনিক,201,34,167,0,0.1691542288557214,16.9154
ministral3_3b,ত্রিকোণমিতি,141,55,86,0,0.3900709219858156,39.0071
ministral3_3b,স্থিতিবিদ্যা,117,13,104,0,0.1111111111111111,11.1111
ministral3_3b,গতিবিদ্যা,228,31,197,0,0.13596491228070176,13.5965
ministral3_3b,বিস্তার পরিমাপ ও সম্ভাবনা,111,47,64,0,0.42342342342342343,42.3423
ministral3_3b,বাস্তব সংখ্যা ও অসমতা,9,3,6,0,0.3333333333333333,33.3333
ministral3_3b,রৈখিক প্রোগ্রামিং,3,1,2,0,0.3333333333333333,33.3333
qwen2_5_7b_instruct,ম্যাট্রিক্স ও নির্ণায়ক,8,4,4,0,0.5,50.0
qwen2_5_7b_instruct,ভেক্টর,8,6,2,0,0.75,75.0
qwen2_5_7b_instruct,বৃত্ত,179,48,131,0,0.2681564245810056,26.8156
qwen2_5_7b_instruct,বিন্যাস ও সমাবেশ,111,20,91,0,0.18018018018018017,18.018
qwen2_5_7b_instruct,সরলরেখা,288,96,192,0,0.3333333333333333,33.3333
qwen2_5_7b_instruct,ত্রিকোণমিতিক অনুপাত,42,19,23,0,0.4523809523809524,45.2381
qwen2_5_7b_instruct,সংযুক্ত কোণের ত্রিকোণমিতিক অনুপাত,251,100,151,0,0.398406374501992,39.8406
qwen2_5_7b_instruct,function,118,85,33,0,0.7203389830508474,72.0339
qwen2_5_7b_instruct,অন্তরীকরণ,417,270,147,0,0.6474820143884892,64.7482
qwen2_5_7b_instruct,যোগজীকরণ,451,238,213,0,0.5277161862527716,52.7716
qwen2_5_7b_instruct,জটিল সংখ্যা,52,30,22,0,0.5769230769230769,57.6923
qwen2_5_7b_instruct,বহুপদী ও বহুপদী সমীকরণ,75,31,44,0,0.41333333333333333,41.3333
qwen2_5_7b_instruct,দ্বিপদী বিস্তৃতি,111,48,63,0,0.43243243243243246,43.2432
qwen2_5_7b_instruct,কনিক,201,39,162,0,0.19402985074626866,19.403
qwen2_5_7b_instruct,ত্রিকোণমিতি,141,52,89,0,0.36879432624113473,36.8794
qwen2_5_7b_instruct,স্থিতিবিদ্যা,117,12,105,0,0.10256410256410256,10.2564
qwen2_5_7b_instruct,গতিবিদ্যা,228,26,202,0,0.11403508771929824,11.4035
qwen2_5_7b_instruct,বিস্তার পরিমাপ ও সম্ভাবনা,111,43,68,0,0.38738738738738737,38.7387
qwen2_5_7b_instruct,বাস্তব সংখ্যা ও অসমতা,9,3,6,0,0.3333333333333333,33.3333
qwen2_5_7b_instruct,রৈখিক প্রোগ্রামিং,3,2,1,0,0.6666666666666666,66.6667
qwen3_8_27b,ম্যাট্রিক্স ও নির্ণায়ক,8,8,0,0,1.0,100.0
qwen3_8_27b,ভেক্টর,8,8,0,0,1.0,100.0
qwen3_8_27b,বৃত্ত,179,143,36,0,0.7988826815642458,79.8883
qwen3_8_27b,বিন্যাস ও সমাবেশ,111,87,24,0,0.7837837837837838,78.3784
qwen3_8_27b,সরলরেখা,288,220,68,0,0.7638888888888888,76.3889
qwen3_8_27b,ত্রিকোণমিতিক অনুপাত,42,41,1,0,0.9761904761904762,97.619
qwen3_8_27b,সংযুক্ত কোণের ত্রিকোণমিতিক অনুপাত,251,186,65,0,0.7410358565737052,74.1036
qwen3_8_27b,function,118,101,17,0,0.8559322033898306,85.5932
qwen3_8_27b,অন্তরীকরণ,417,347,70,0,0.8321342925659473,83.2134
qwen3_8_27b,যোগজীকরণ,451,415,36,0,0.9201773835920177,92.0177
qwen3_8_27b,জটিল সংখ্যা,52,37,15,0,0.7115384615384616,71.1538
qwen3_8_27b,বহুপদী ও বহুপদী সমীকরণ,75,56,19,0,0.7466666666666667,74.6667
qwen3_8_27b,দ্বিপদী বিস্তৃতি,111,98,13,0,0.8828828828828829,88.2883
qwen3_8_27b,কনিক,201,162,39,0,0.8059701492537313,80.597
qwen3_8_27b,ত্রিকোণমিতি,141,99,42,0,0.7021276595744681,70.2128
qwen3_8_27b,স্থিতিবিদ্যা,117,86,31,0,0.7350427350427351,73.5043
qwen3_8_27b,গতিবিদ্যা,228,167,61,0,0.7324561403508771,73.2456
qwen3_8_27b,বিস্তার পরিমাপ ও সম্ভাবনা,111,90,21,0,0.8108108108108109,81.0811
qwen3_8_27b,বাস্তব সংখ্যা ও অসমতা,9,9,0,0,1.0,100.0
qwen3_8_27b,রৈখিক প্রোগ্রামিং,3,2,1,0,0.6666666666666666,66.6667
